auction_id,name,level,vocation,sex,world,auction_start,auction_end,bid_type,bid,status,detail_url,highlights
2225777,Skadarn,8,Sorcerer,Male,Peloria,"Aug 08 2026, 10:04 CEST","Aug 13 2026, 22:00 CEST",Winning Bid,501,finished,https://www.tibia.com/charactertrade/?auctionid=2225777&page=details&subtopic=pastcharactertrades,3920x an ultimate mana potion (Store Item) | Regular World Transfer can be purchased | 81 Magic Level (Loyalty bonus not included) | Daily Reward Streak: 576/7
2227718,Fouraccessazz,785,Elite Knight,Male,Quintera,"Aug 10 2026, 10:06 CEST","Aug 13 2026, 22:00 CEST",Winning Bid,23001,finished,https://www.tibia.com/charactertrade/?auctionid=2227718&page=details&subtopic=pastcharactertrades,"1x a gold pouch (Store Item) | 1x a ferumbras exercise dummy (Store Item) | Additional Slots: Prey, Weekly Tasks | Charm Points: 6970 (Unused: 210), Minor Charm Echoes: 950 (Unused: 100) | Exalted Dust/Dust Limit: 78/4340"
2227745,Prismello,744,Elder Druid,Male,Peloria,"Aug 10 2026, 10:04 CEST","Aug 13 2026, 22:00 CEST",Winning Bid,18000,finished,https://www.tibia.com/charactertrade/?auctionid=2227745&page=details&subtopic=pastcharactertrades,"117 Magic Level (Loyalty bonus not included) | Charm Points: 9081 (Unused: 581), Minor Charm Echoes: 1350 (Unused: 50) | Regular World Transfer can be purchased | 22 Quests completed"
2228681,Fystic,615,Exalted Monk,Male,Refugia,"Aug 12 2026, 10:04 CEST","Aug 13 2026, 22:00 CEST",Winning Bid,6957,finished,https://www.tibia.com/charactertrade/?auctionid=2228681&page=details&subtopic=pastcharactertrades,"1x a gold pouch (Store Item) | Animus Masteries unlocked: 146 | 112 Fist Fighting (Loyalty bonus not included) | Additional Slots: Prey, Weekly Tasks | 47 Magic Level (Loyalty bonus not included)"
2228736,Denya Shin,465,Knight,Male,Secura,"Aug 12 2026, 12:58 CEST","Aug 13 2026, 22:00 CEST",Winning Bid,3901,finished,https://www.tibia.com/charactertrade/?auctionid=2228736&page=details&subtopic=pastcharactertrades,"Charm Points: 4953 (Unused: 1553), Minor Charm Echoes: 850 (Unused: 850) | 465 Level | 19 Quests completed | Store Mounts: 1 | 116 Axe Fighting (Loyalty bonus not included)"
2228773,Gizanuv,389,Knight,Male,Pacera,"Aug 12 2026, 10:05 CEST","Aug 13 2026, 22:00 CEST",Winning Bid,1251,finished,https://www.tibia.com/charactertrade/?auctionid=2228773&page=details&subtopic=pastcharactertrades,
2229098,Infernal Gooyo,839,Royal Paladin,Male,Secura,"Aug 12 2026, 12:58 CEST","Aug 13 2026, 22:00 CEST",Minimum Bid,18500,finished,https://www.tibia.com/charactertrade/?auctionid=2229098&page=details&subtopic=pastcharactertrades,"1x a demon exercise dummy (Store Item) | 103x carrion casserole (Store Item) | 1x a gold pouch (Store Item) | Unused Hunting Task Points: 33870 | Hirelings total: 1, Professions: 1, Outfits: 0"
2229287,Muti Elite,103,Knight,Male,Celesta,"Aug 12 2026, 10:04 CEST","Aug 13 2026, 22:00 CEST",Minimum Bid,1200,finished,https://www.tibia.com/charactertrade/?auctionid=2229287&page=details&subtopic=pastcharactertrades,Regular World Transfer can be purchased | 119 Sword Fighting (Loyalty bonus not included) | 103 Level | 112 Shielding (Loyalty bonus not included)
2227798,Bryce Cane,315,Elite Knight,Male,Maligna,"Aug 11 2026, 10:28 CEST","Aug 13 2026, 22:15 CEST",Winning Bid,5002,finished,https://www.tibia.com/charactertrade/?auctionid=2227798&page=details&subtopic=pastcharactertrades,"987x a supreme health potion (Store Item) | Achievement ""Honorary Gnome"" accomplished | 135 Achievement Points | 92 Club Fighting (Loyalty bonus not included)"
2229044,Pai Damata,354,Elder Druid,Male,Ferobra,"Aug 12 2026, 10:07 CEST","Aug 13 2026, 22:15 CEST",Minimum Bid,3497,finished,https://www.tibia.com/charactertrade/?auctionid=2229044&page=details&subtopic=pastcharactertrades,"Store Outfits: 2 | 105 Magic Level (Loyalty bonus not included) | Achievement ""I Did My Part"" accomplished"
2229223,Johnny Lawrenc,106,Exalted Monk,Male,Lobera,"Aug 12 2026, 10:06 CEST","Aug 13 2026, 22:15 CEST",Winning Bid,121,finished,https://www.tibia.com/charactertrade/?auctionid=2229223&page=details&subtopic=pastcharactertrades,1x a podium of vigour (Store Item) | 1380x an ultimate spirit potion (Store Item) | Regular World Transfer can be purchased | 102 Fist Fighting (Loyalty bonus not included) | 30 Magic Level (Loyalty bonus not included)
2229479,Ornate Marian,291,Druid,Male,Vunira,"Aug 12 2026, 10:05 CEST","Aug 13 2026, 22:30 CEST",Minimum Bid,1500,finished,https://www.tibia.com/charactertrade/?auctionid=2229479&page=details&subtopic=pastcharactertrades,"104x an ultimate mana potion (Store Item) | Unused Hunting Task Points: 241 | 291 Level | 27751 Gold total in bank, inventory and depot"
2229367,Maximus harcore,259,Sorcerer,Male,Secura,"Aug 12 2026, 12:58 CEST","Aug 13 2026, 22:45 CEST",Minimum Bid,700,finished,https://www.tibia.com/charactertrade/?auctionid=2229367&page=details&subtopic=pastcharactertrades,342x an ultimate mana potion (Store Item) | Unused Hunting Task Points: 751 | 259 Level | Regular World Transfer can be purchased
2228088,Jim Dixon,505,Royal Paladin,Male,Luminera,"Aug 11 2026, 10:28 CEST","Aug 13 2026, 23:00 CEST",Winning Bid,8190,cancelled,https://www.tibia.com/charactertrade/?auctionid=2228088&page=details&subtopic=pastcharactertrades,"131 Distance Fighting (Loyalty bonus not included) | Charm Points: 1875 (Unused: 315), Minor Charm Echoes: 400 (Unused: 100) | 505 Level | 34 Magic Level (Loyalty bonus not included) | Regular World Transfer can be purchased"
2228332,Dorflex De Jah,78,Elder Druid,Male,Ferobra,"Aug 11 2026, 10:28 CEST","Aug 13 2026, 23:00 CEST",Winning Bid,100,finished,https://www.tibia.com/charactertrade/?auctionid=2228332&page=details&subtopic=pastcharactertrades,67 Magic Level (Loyalty bonus not included) | 15 Achievement Points
2228780,Khaos Sagittarius,708,Royal Paladin,Male,Quelibra,"Aug 12 2026, 10:06 CEST","Aug 13 2026, 23:00 CEST",Winning Bid,29001,finished,https://www.tibia.com/charactertrade/?auctionid=2228780&page=details&subtopic=pastcharactertrades,"490 Achievement Points | Charm Points: 7326 (Unused: 5126), Minor Charm Echoes: 250 (Unused: 250) | Regular World Transfer can be purchased | Store Decoration Items: 27 | 131 Distance Fighting (Loyalty bonus not included)"
2229371,Emil Git,427,Druid,Male,Bona,"Aug 12 2026, 10:04 CEST","Aug 13 2026, 23:15 CEST",Minimum Bid,2200,finished,https://www.tibia.com/charactertrade/?auctionid=2229371&page=details&subtopic=pastcharactertrades,Store Decoration Items: 1 | 427 Level | Unused Hunting Task Points: 1257 | Animus Masteries unlocked: 38 | Bonus Promotion Points: 17
2229377,Luck Shiver,357,Sorcerer,Male,Secura,"Aug 12 2026, 12:58 CEST","Aug 13 2026, 23:15 CEST",Minimum Bid,1500,finished,https://www.tibia.com/charactertrade/?auctionid=2229377&page=details&subtopic=pastcharactertrades,2534x an ultimate mana potion (Store Item) | Store Decoration Items: 1 | Unused Hunting Task Points: 690 | 357 Level
2229158,Awesome Primo,316,Royal Paladin,Male,Kalibra,"Aug 12 2026, 10:06 CEST","Aug 13 2026, 23:30 CEST",Minimum Bid,1601,finished,https://www.tibia.com/charactertrade/?auctionid=2229158&page=details&subtopic=pastcharactertrades,"30 Magic Level (Loyalty bonus not included) | 316 Level | 119 Distance Fighting (Loyalty bonus not included) | 108 Shielding (Loyalty bonus not included) | Blessings active: 5/7, Twist of Fate active: yes"
2229426,Oxe Maurin,373,Monk,Male,Dia,"Aug 12 2026, 10:04 CEST","Aug 13 2026, 23:30 CEST",Winning Bid,2200,finished,https://www.tibia.com/charactertrade/?auctionid=2229426&page=details&subtopic=pastcharactertrades,"179924 Gold total in bank, inventory and depot | Store Decoration Items: 1 | Unused Hunting Task Points: 4616 | Bonus Promotion Points: 18"
2229487,Astraxx,541,Paladin,Male,Secura,"Aug 12 2026, 12:59 CEST","Aug 13 2026, 23:45 CEST",Winning Bid,4500,finished,https://www.tibia.com/charactertrade/?auctionid=2229487&page=details&subtopic=pastcharactertrades,Store Decoration Items: 1 | Store Mounts: 1 | 121 Distance Fighting (Loyalty bonus not included) | 541 Level
2226104,Pan Arabek,339,Sorcerer,Male,Kalibra,"Aug 08 2026, 10:06 CEST","Aug 14 2026, 00:00 CEST",Winning Bid,1199,finished,https://www.tibia.com/charactertrade/?auctionid=2226104&page=details&subtopic=pastcharactertrades,"Charm Points: 1285 (Unused: 1285), Minor Charm Echoes: 100 (Unused: 0) | Store Outfits: 1 | 339 Level | 98 Magic Level (Loyalty bonus not included)"
2227843,Ik Flip Mage,225,Master Sorcerer,Male,Descubra,"Aug 11 2026, 10:27 CEST","Aug 14 2026, 00:00 CEST",Minimum Bid,500,finished,https://www.tibia.com/charactertrade/?auctionid=2227843&page=details&subtopic=pastcharactertrades,83 Magic Level (Loyalty bonus not included) | 225 Level
2228241,Mina di Ouro,36,Elite Knight,Female,Rasteibra,"Aug 11 2026, 10:28 CEST","Aug 14 2026, 00:00 CEST",Winning Bid,3101,finished,https://www.tibia.com/charactertrade/?auctionid=2228241&page=details&subtopic=pastcharactertrades,6653x a mana potion (Store Item) | 1320x a strong mana potion (Store Item) | 117 Sword Fighting (Loyalty bonus not included) | 6 Magic Level (Loyalty bonus not included) | Regular World Transfer can be purchased
2228498,Malyn Klanath,8,Monk,Male,Rasteibra,"Aug 11 2026, 10:28 CEST","Aug 14 2026, 00:00 CEST",Minimum Bid,300,finished,https://www.tibia.com/charactertrade/?auctionid=2228498&page=details&subtopic=pastcharactertrades,104 Fist Fighting (Loyalty bonus not included)
